contenu_md,ref_id,localisateur
"En proposant des objets d'étude demeurés jusque-là largement étrangers à une histoire vouée massivement à l'exploration de l'économique et du social, en proposant des normes de scientificité et des modes de travail démarqués des sciences exactes (par exemple la formalisation et la modélisation, l'explication des hypothèses, la recherche en équipe), les sciences sociales sapaient la position dominante tenue par l'histoire dans le champ universitaire. L'importation de nouveaux principes de légitimation dans le domaine des disciplines ""littéraires"" disqualifiait l'empirisme historien en même temps qu'elle visait à convertir la fragilité institutionnelle des nouvelles disciplines en hégémonie intellectuelle.",chartier - le monde comme représentation,p. 1506
"Dans les définitions anciennes (par exemple celle du *Dictionnaire universel de Furetière* dans son édition de 1727), les entrées du mot ""représentation"" attestent deux familles de sens apparemment contradictoires : **d'un côté, la représentation donne à voir une absence, ce qui suppose une distinction nette entre ce qui représente et ce qui est représenté ; de l'autre, la représentation est l'exhibition d'une présence, la présentation publique d'une chose ou d'une personne.** Dans la première acception, la représentation est l'instrument d'une connaissance médiate qui fait voir un objet absent en lui substituant une ""image"" capable de le remettre en mémoire et de le ""peindre"" tel qu'il est.",chartier - le monde comme représentation,p. 1514
"Ceux-ci, en effet, ne sont jamais confrontés à des textes abstraits, idéaux, détachés de toute matérialité : ils manient des objets dont les organisations commandent leur lecture, partant leur appréhension et leur compréhension du texte lu. Contre une définition purement sémantique du texte, il faut tenir que les formes produisent du sens, et qu'un texte stable dans sa lettre est investi d'une signification et d'un statut inédits lorsque changent les dispositifs de l'objet typographique qui le propose à la lecture.",chartier - le monde comme représentation,p. 1509
"Une telle perspective a plusieurs corollaires. D'une part, elle définit un type de recherche qui, nécessairement, associe les techniques d'analyse des disciplines peu habituées à une semblable proximité : la critique textuelle, l'histoire du livre, en toutes ses dimensions, l'histoire socioculturelle. Plus qu'un travail interdisciplinaire - qui suppose toujours une identité stable et distincte aux disciplines qui passent alliance -, c'est plutôt un découpage inédit d'objet qui est proposé là, impliquant l'unité du questionnaire et de la démarche, quelle que soit l'origine disciplinaire de ceux qui les partagent (historiens de la littérature, historiens du livre, ou historiens des mentalités dans la tradition des Annales). D'autre part, cette interrogation sur les effets du sens des formes matérielles conduit à donner (ou redonner) une place centrale dans le champ de l'histoire culturelle aux savoirs les plus classiquement érudits : par exemple ceux de la bibliography, de la paléographie ou de la codicologie. Parce qu'ils permettent de décrire rigoureusement les dispositifs matériels et formels à travers lesquels les textes atteignent leurs lecteurs, ces savoirs techniques, trop longtemps négligés par la sociologie culturelle, constituent une ressource essentielle pour une histoire des appropriations.",chartier - le monde comme représentation,p.1510
"L'appropriation telle que nous l'entendons vise une histoire sociale des usages et des interprétations, rapportés à leurs déterminations fondamentales et inscrits dans les pratiques spécifiques qui les produisent. Donner ainsi attention aux conditions et aux processus qui, très concrètement, portent les opérations de construction du sens (dans la relation de lecture mais dans bien d'autres également) est reconnaître, contre l'ancienne histoire intellectuelle, que ni les intelligences ni les idées ne sont désincarnées, et, contre les pensées de l'universel, que les catégories données comme invariantes, qu'elles soient philosophiques ou phénoménologiques, sont à construire dans la discontinuité des trajectoires historiques.",chartier - le monde comme représentation,p.1511
"Les auteurs n'écrivent pas des livres : non, ils écrivent des textes que d'autres transforment en objets imprimés. L'écart, qui est justement l'espace dans lequel se construit le sens -- ou les sens --, a été trop souvent oublié, non seulement par l'histoire littéraire classique, qui pense l'oeuvre en elle-même, comme un texte abstrait dont les formes typographiques n'importent pas, mais aussi par la Rezeptionsästhetik qui postule, malgré son désir d'historiciser l'expérience que les lecteurs ont des oeuvres, une relation pure et immédiate entre les ""signaux"" émis par le texte -- qui jouent avec les conventions littéraires acceptées -- et ""l'horizon d'attente"" du public auquel ils sont adressés. Dans une telle perspective, ""l'effet produit"" ne dépend aucunement des formes matérielles qui portent le texte. Pourtant, elles aussi contribuent pleinement à façonner les anticipations du lecteur vis-à-vis du texte et à appeler des publics nouveaux ou des usages inédits.",chartier - le monde comme représentation,
"La relation de représentation -- ainsi entendue comme mise en rapport d'une image présente et d'un objet absent, l'une valant pour l'autre parce qu'elle lui est homologue -- charpente toute la théorie du signe de la pensée classique, élaborée en sa plus grande complexité par les logiciens de Port Royal.",chartier - le monde comme représentation,p. 1515
Editorialization is the set of dynamics that produce and structure digital space. These dynamics can be understood as the interactions of individual and collective actions within a particular digital environment.,what is editorialization - vitalli,
"The concept of editorialization seems to be the most accurate way of describing what has happened at Sens public. In 2008, it was clear that the process of edition – in the sense that it is used in traditional academic journals – was indeed happening at Sens public, yet not everything being done could be described as edition, at least not in the traditional sense of the term. One cannot, for instance, discuss digital publishing without addressing the differences between printed and digital practices, and these differences must somehow be thoroughly addressed. At the same time, the particular role of the network of individuals behind the journal was very different from the network of an editorial board.",what is editorialization - vitalli,
"It is important to understand how the aesthetics of new media and cognitive technologies are redefining practices and to share the outcomes of this transformation. Thus the concept of editorialization may be characterized by : the articulation of content production, technical and communicative factors, and the dynamics of contemporary exchanges in the humanities. This question branches across a range of accessible media and all of their records : accessibility, objectivity, legibility, comprehensiveness, tone, document structuring, links … How should we think about the encyclopedia of digital knowledge ?",what is editorialization - vitalli,
"In digital space, though, it becomes impossible to identify any kind of hierarchy because only the result of the dynamic interactions counts, and this result is never stable.",what is editorialization - vitalli,
"In digital space, though, there is no more original, because of the multiplicity of each piece of information, or data, or document. The document is an entry on a database, but it is not possible to distinguish the entry on a particular database from the same entry in another database. A birth certificate can be on multiple databases simultaneously. [...] It is thus no longer possible to use the concept of the original as a proof of truth.",what is editorialization - vitalli,
"What has become important, then, is not the unity of a text produced by one person – and legitimated by her/him, or by an editor – but the collection of dynamic relationships this content maintains with other content. And these relationships, which are actually part of an open process, determine the existence of a piece of content. It is the ensemble of relationships and links that make the content accessible and visible, and thus bring it into existence. Completely independent content would be inaccessible, invisible, and thus non-existing. **One cannot therefore consider an article as an independent and static unit, and so the person signing it (or the group that first edited it) should not be considered an authority. The unit is constituted rather by the relationships that make content accessible. But these relationships are not determined by the person who signs an article and are only partially determined by the editors. Writing and reading actions are merged together in a general editorialization process. **",what is editorialization - vitalli,
The authority that makes this specific content reliable is not the author. This is because the author is a static authority and so can grant legitimacy to a paper only if the paper is static. The editor is in the same situation : the editor can be an authority that legitimates a paper only if the paper can be understood in a defined and stable sense.,what is editorialization - vitalli,
"The characteristics we have identified are the basis for an analysis of authority. If editorialization is what structures digital space, and if the structure of a space is the basis of authority then authority in digital space is created by editorialization.",what is editorialization - vitalli,
"For these reasons, it is impossible to consider digital space from a purely aesthetic point of view : the paradigm of digital space is an operational paradigm. We do things in digital space ; we do not simply look at them. The critique that Alexander Galloway directs at the work of Lev Manovich is based on this principle. In The Language of New Media, Manovich applies the paradigm of audiovisual media to interpret digital space : digital environments, he insists, must be understood as the space of screens and displays because they are something we look at. Galloway, however, points out that interfaces are not regulated by this looking structure but rather by an action structure. **Cinema is about the aesthetic ; digital is about action and therefore about ethics.**",what is editorialization - vitalli,
"Let us consider again the opposition between the representational paradigm and the performative paradigm. According to the representational paradigm, we have reality on one hand and discourse on the other : editorialization could be interpreted as a discourse on reality and therefore as a form of imitation or mimesis. This paradigm has been fundamentally important in the history of Western thought, from Plato all the way to contemporary aesthetics studies.",what is editorialization - vitalli,
"Le type d'analyse historique comparative approprié à cette étude est celui de la ""comparaison individualisante"". La période à individualiser est celle de la révolution numérique. Il s'agit de mettre en lumière les caractéristiques spécifiques de cette période en les contrastant avec celles des autres points de rupture.",la communication scientifique et le numérique - beaudry,p. 28
"La transformation de la mise en page répond à la fois aux besoins suscités par les nouvelles méthodes de travail des savants, tout en influançant en retour leurs pratiques par les nouveaux usages qu'elle permet. C'est ainsi un véritable vocabulaire visuel impliquant tous les acteurs de la production qui est créé.",la communication scientifique et le numérique - beaudry,p. 41
"Élément propre à la méthode scolastique, la construction des textes de questions et de disputes est basée sur l'article. L'articulus est l'unité de développement pour la rédaction des questio disputata ou des sommes et dans les interventions des joutes orales. [...] Un article comporte l'ensemble des éléments pour la mise en position, la discussion et la solution pour répondre à une question.",la communication scientifique et le numérique - beaudry,
"Elle [l'énonciation éditoriale] désigne l'ensemble de ce qui contribue à la production matérielle des formes qui donnent au texte sa consistance, son « image de texte ». Il s'agit d'un processus social déterminé, qui demeure largement invisible du public, mais qui peut néanmoins être appréhendé à travers la marque qu'impriment les pratiques de métiers constitutives de l'élaboration, de la constitution ou de la circulation des textes.",l'énonciation éditoriale dans les écrits d'écran,
"Derrière ces mouvements et ces humeurs, s'impose insensiblement un style de discours, qui nous habitue à ce qu'on nomme « (auto) publication numérique ». Les transformations y sont décrites comme urgentes, radicales, requérant avec insistance que tous les acteurs se mobilisent et que la recherche se fasse action.",l'énonciation éditoriale dans les écrits d'écran,
"En somme, l'idée qu'il existe une « fonction éditoriale » sur Internet paraît faire son chemin, et avec elle une définition de cette fonction qui ne la réduit pas au métier d'éditeur, mais concerne un mode d'intervention spécifique sur l'ordre et l'image du texte.",l'énonciation éditoriale dans les écrits d'écran,
"Pour s'en tenir ici à un exemple unique, annoncer le passage du texte, objet précisément circonscrit, à un flux d'information sans limite ni forme peut sembler justifié à l'échelle macroscopique.Cela permet surtout d'exprimer notre désarroi devant des objets impossibles à saisir du regard. Mais cette juste expression d'une angoisse n'en est pas moins une erreur, sur le plan sémiotique, car le texte de réseau - les deux notions se conjuguent et ne s'excluent pas - possède ni plus ni moins une « forme » que les constructions textuelles qui l'ont précédé, par exemple le « livre » auquel, imaginairement, on le compare volontiers.",l'énonciation éditoriale dans les écrits d'écran,
"Dans les médias informatisés, le texte a en effet tendance à s'organiser, non pas selon la pertinence de telle ou telle configuration d'usage (acquise dans l'histoire), mais selon la commodité que telle ou telle mise en forme présente (vis-à-vis de son informatisation possible). La forme du texte devient ainsi, graduellement, le reflet de ce que l'informatique sait faire - essentiellement des boîtes et des « computs ». D'où le triomphe de la combinatoire sur l'herméneutique de la forme. Au geste d'élaboration de la forme matérielle qui organise une proposition singulière de sens tend à se substituer l'opération de classement : faire des catégories, des séries, emboîter des poupées gigognes. L'art des classements et des empilements, la « méréologie », prend la main sur celui des ajustements et des suggestions, la poétique. Ceci, d'autant plus que de nombreux acteurs du développement informatique, à commencer par le consortium W3C (World Wide Web consortium) poursuivent le mythe de la device independence (indépendance vis-à-vis du dispositif) pour « optimiser » la circulation des informations.",l'énonciation éditoriale dans les écrits d'écran,
"La dissémination des formes et le calcul autorisent en effet le rêve qui consiste à donner à toute expression une forme immédiatement reconnaissable, intégrable, manipulable, « recombinable ». Or ces pratiques d'ingénierie nourrissent un fantasme enfantin de toute puissance : soumettre l'ensemble de la culture à un format unique qui assurerait une inter-traduction de toute production (modéliser, transformer, connecter, décombiner à l'infini). Fantasme qui trouve les moyens de ses désirs puisqu'il donne une « opérationnalité » économique aux formes culturelles et qui, dans son sillage, trace les éléments idéologiques d'une « bonne » conception de la communication, à la fois transparente et combinatoire.",l'énonciation éditoriale dans les écrits d'écran,
"En effet, c'est bien d'une industrie culturelle particulière, tirant ses profits, moins de la production et de la vente de certaines productions, que de la mise au travail général d'une société autour des mêmes moyens de production culturelle, qui se met en place avec cette énonciation éditoriale à la fois banalisée et omniprésente. Lorsque nous utilisons cette catégorie particulière de logiciels qui incarne, borne et potentialise le geste d'énonciation éditoriale, les architextes, nous sommes tous les travailleurs de cette activité, dans laquelle chacun, dès lors qu'il pense, travaille, écrit et diffuse, alimente une forme toute nouvelle de *business-plan*.",l'énonciation éditoriale dans les écrits d'écran,
"La numérisation des objets de la culture écrite qui est encore la nôtre -- le livre, la revue, le journal -- leur impose à mon sens une mutation bien plus forte que celle impliquée par la migration des textes du rouleau au codex, ou du codex manuscrit au codex imprimé. L'essentiel me paraît ici la profonde transformation de la relation entre le fragment et la totalité. Au moins jusqu'à aujourd'hui, dans le monde électronique, c'est la surface illuminée de l'écran qui donne à lire les textes, tous les textes, quelle que soit leur genre ou leur fonction. Est ainsi rompue la relation qui dans toutes les cultures écrites antérieures liait étroitement des objets, des genres, des usages. C'est cette relation qui organise encore les différences encore perçues entre les différents types de publication imprimée, et les attentes de leurs lecteurs guidés dans l'ordre ou le désordre des discours par la matérialité même des objets écrits qui les portent. Et c'est cette relation qui rend visible la cohérence des oeuvres, imposant la perception de l'unité, de la totalité, de l'entité textuelle, même à celui ou celle qui n'en veut lire que quelques pages. Il n'en va plus de même dans le monde de la textualité numérique puisque les discours ne sont plus inscrits dans des objets différents, qui permettent de les classer, de les hiérarchiser, de les reconnaître immédiatement, visuellement, dans leur identité propre. Le monde numérique est un monde de fragments décontextualisés juxtaposés, recomposables, sans que soit nécessaire ou que soit désirée la compréhension de la relation qui inscrit le fragment dans l'oeuvre dont il a été extrait.","conf Écrit et cultures dans l’Europe moderne, Roger Chartier","48'52"""
"Without changing meaning, during the eighteenth century data changed connotation. It went from being reflexively associated with those things that are outside of any possible process of discovery to being the very paradigm of what one seeks through experiment and observation.",data before the fact,p. 36
"The term ""data"" itself implied no ontological claim.",data before the fact,p. 20
"Data means - and has meant for a very long time - that which is given prior to argument. As a consequence, the meaning of data must always shift with argumentative strategy and context - and with the history of both. The rise of modern economics and empirical natural science created new conditions of argument and new assumptions about facts and evidence. And the histories of those terms and others in the same family nicely illustrate the larger epistemological developments.",data before the fact,p. 36
"As an overall concept, ""technological determinism"" describes any theoretical or sociological approach which holds that technologies exert an effect on human society and behavior.",bogost frequently questionned answers,
"In McLuhan's terms, cultural studies is only concerned with content, and not with media properties.",bogost frequently questionned answers,
"Their [technologists] persuasion comes through arguments presented in things rather than words; they present ideas in a manipulation of the materials and processes of nature, not language.In addition, because there is seldom a single solution to a problem in human affairs dictated by the laws of nature, they do not provide necessary solutions. Solutions are only probable and can always be changed or set in opposition to others. In this sense, technology is part of the broader art of design, an art of thought and communi- cation that can induce in others a wide range of beliefs about practical life for the individual and for groups",declaration by design,
"More important, it is that technology is fundamentally concerned with a form of persuasion and, as with traditional rhetoric, speaks from no special authority about the good life. It provides only resources that are used to support a variety of arguments about practical living, reflecting different ideas and viewpoints on social life. Technologists themselves hold such ideas and have pressed them on the human community in many ways.Until their work is recognized as persuasive and part of the practice of design, their ideas will remain implicit or naively unexamined.",declaration by design,
Premises drawn from human circumstances are what make technological reasoning an element of rhetorical art for communication with specific audiences rather than a deductive science concerned only with universal principles.,declaration by design,
"The resources for emotional persuasion are the same for all design arguments, coming from physical contact with objects or from active contemplation of objects before, during, and after use. Much feeling is conveyed in the experience of movement, whether in the gestures made in using an object or in the shift of visual attention across its lines, colors, and patterns. This is what makes the emotive argument of a design so powerful and persuasive: it collapses the distance between the object and the minds of the users, leading them to identify with the expressive movement and allow it to carry them where it will.",declaration by design,
"However, as important as science is in the development of technology, the activity of technological reasoning inherently involves human values selected knowingly or unknowingly as important premises that directly affect the essential characteristics of objects, not just their superficial appearance. If this premise is correct, a rhetoric of design becomes a distinct possibility, even if its precise nature and qualities yet remain to be discovered. It is possible because technological reasoning, the core aspect of design that may appear objective and remote from human values and opinions, is, in fact, developed in terms of an audience. Its success is not judged theoretically by appealing to the knowledge of a small group of experts, but practically by appealing to the interests, attitudes, opinions, and values of users.",declaration by design,
"C'est le choix d'une certaine pertinence prédéterminée qui constitue le champ d'une discipline [...] Sitôt qu'on sort du cadre nécessairement étroit de telle ou telle discipline particulière, il devient très problématique de déterminer du point de vue de quel résultat nous déterminerons ce qui sera (ou non) considéré comme pertinent. [...] Face à chaque ensemble de données, nous devons adopter un point de vue particulier, organisé par certaines finalités prédéterminées.",citton - traiter les données,p. 3
"on ""traite"" toujours les données en fonction d'une certaine finalité/pertinence prédéterminée, laquelle est indispensable pour réduire ce vers quoi on dirige son attention ; on doit toutefois au contraire se rendre ici attentif à ce que nos modes de traitement excluent de notre attention. Faire apparaître une pertinence virtuelle implique donc de suspendre nos façons préexistantes de traiter les données : on ne les traitera (de façon innovante) qu'en acceptant de ne pas les traiter (selon les modes de traitement disponibles)",citton - traiter les données,p. 3
"Le mycélium constitue une certaine « texture » qui ne s’observe pas dans la « réalité objective » des données elles-mêmes, ni dans les matériaux dont se composent les objets avec lesquels nous agissons, mais dans leur mode d’émergence à travers nos pratiques. Le sens que nous reconnaissons « dans » les données résulte des frayages de ramifications souterraines – virtuelles, mycéliumniques – dont seules quelques disciplines aujourd’hui marginalisées (la psychanalyse, l’exégèse, les études littéraires) cultivent encore l’exploration. J’aimerais soutenir ici la thèse que c’est en s’efforçant d’intégrer cette couche la plus profonde, mycéliumnique, de la constitution de nos données qu’on se donnera les moyens de traiter ces données de la façon la moins insatisfaisante.",citton - traiter les données,p. 4
"Les humanités littéraires sont plus que jamais nécessaires pour humaniser le traitement de données scientifiques, dont l'exploitation désorientée menace aujourd'hui directement notre survie collective.",citton - traiter les données,p. 7
"Ce blog présente quelques réflexions analytiques personnelles sur les eTalks: ils permettent la présentation de la connaissance via une littératie plurielle, et la captation de cette connaissance par ceux et celles qui découvriront les eTalks",etalks,
"Le tournant est d'autant plus à souligner que l'oralité est accompagnée ici de la plus grande précision et de la mémoire, car entièrement citable par url: un algorithme a découpé le discours en suivant le rythme du souffle du chercheur, produisant ainsi des ""prashés"", groupes d'une, deux ou trois phrases, chacun citable par url, avec les images et les liens l'accompagnant. [...] Dans la logique de l'eTalk, ce qu'aura dit le/la chercheur/se est donc tout autant citable que l'écrit.",etalks,
"En effet, si dans les eTalks, le pôle de production auctorial demeure - ils sont ""produits"" par une instance, fût-elle collective, et ne sont pas modifiables -, leur contenu se fait open-ended via les hyperliens, en sorte à ce que les personnes qui s'aventureront dans les eTalks deviennent des ""captateurs"" de savoir, en développant le vocabulaire proposé par Johanna Drucker.",etalks,
"It is relevant because it links with contemporary world conditions through its pluralistic stance, endorsing a public that is broad, inclusive, and multiple",design and the construction of publics,p. 48
"Invoking Dewey, Latour, and Weibel asked the question: ""How are things made public?"" The complimentary question, ""How are publics made with things ?"" remains unaddressed - but it is exactly this question that also should be asked as the products and processes of design are increasing politicized and used for political ends.",design and the construction of publics,p. 48
"It is neither universal nor an abstraction. Rather, for Dewey, the public is a specifiable and discernible entity that is inextricable from its conditions of origin. More precisely, for Dewey, the public is an entity brought into being through issues for the purpose of contending with these issues in their current state and in anticipation of the future consequences of these issues.",design and the construction of publics,p. 49
"Although, in spirit, Habermas shares much with dewey; the ""public sphere,"" as Habermas depicts it, is more structured and confined than a Deweyan public. Indeed, the many and often contestational public spheres of Negt and Kluge are closer to the Deweyan public. The benefit of Dewey is that this tension between the bourgeois and proletariat is avoided through his stance of pluralism, which does not discriminate among the wide-ranging possible places of and actors within publics.",design and the construction of publics,p. 50
"This inability to form, or form effectively, is not because of a lack of isssues, but rather because the issues resist identification and articulation, leaving publics unformed and tentative.",design and the construction of publics,p. 51
"Within the context of the construction of publics the tactic of tracing can be defined as the use of designerly forms to detail and communicate, and to make known, the network(s) of materials, actions, concepts, and values that shape and frame an issue over time.",design and the construction of publics,p. 55
Given that tactics are designerly means for the identification and articulation of issues; such that they might be known enough to enable a public to form around them; a central concern is to discover what forms of expression are most appropriate and compelling for those people and institutions the tactic is intended to communicate with.,design and the construction of publics,p. 60
"Now central to humanities research and composition, these procedures include searching an array of domains, clustering content found across them, copying that content, scraping its metadata, annotating it, granulating it, analysing it (closely or distantly), editing it, and citing it (Turkel 2011). And, in the history of print and manuscripts, we have insufficient precedent for how to document these procedures or approach them critically. Even if the duplication of digital content is a constantly regenerating trajectory anchored in a long legacy of writing and inscription, it begs for new scholarly practices (however quotidian they may at first appear).",after the document model,
"In other words, ThoughtMesh helps demonstrate how duplication and repetition across the web do not imply homogeneity or sameness. One effect of ThoughtMesh’s metadata-oriented distribution of knowledge is to wonder how scholarly communications might be modelled if composed within this partly user-generated, partly automated network of contiguous-yet-connected spaces, each with different styles, investments, and areas of emphasis.",after the document model,
"With these relationships and links in mind, one of the central premises of Scalar is that lines of scholarly inquiry often overlap or intersect, even if they do not physically appear near each other in a book. For example, in print, a claim in Chapter 1 might resonate with a point made in Chapter 3. Or, a primary source might be examined in Chapter 2 as well as in Chapter 4. Comparable to ThoughtMesh in its approach to keywords, Scalar can instantly visualise such relations and explorations within a book, offering both authors and audiences the opportunity to see (either up close or from a distance) how content is articulated. Fittingly enough, in Scalar these articulations are referred to as ""paths."" For a view of paths in their abstract form, see Figure 4, which is a screenshot of Kuhn’s Filmic Texts.",after the document model,
"In Scalar, a link to a resource does not judge the prominence of what it references; that resource could be the longest paragraph in Kuhn’s argument or her annotation of Berger’s Ways of Seeing. Consequently, RDF’s connection of URIs through a collection (or ""graph"") of triples allows systems mindful of the framework to promote a flattened hierarchy between content.",after the document model,
"as we argue throughout this essay, one exciting challenge facing scholars today is the plurality of contexts and views in digital environments. Since the web is becoming increasingly customisable alongside the neoliberalisation of networks, it is by extension increasingly slippery to assume that even two people are viewing the same content in the same fashion.",after the document model,
"Whatever the ultimate avenue, the potential for scholarly communications to leverage the histories, content, contexts, and metadata of humanities research is embedded in the trajectories of its platforms. But we can certainly imagine a not-too-far-off scenario where—for instance—software libraries are created to manage scholarly content, which is displayed in a context-sensitive fashion (e.g., tailored to a reader’s profile, search history, geolocation, or interpretive preferences) (Victor 2006). Publications could thus be built to accommodate an array of audiences through a variety of media, stylesheets, and reactive behaviours (Victor 2011). Accordingly, scholars will need to determine how to best document the traces of their work (duplication included) across the personalised iWeb: to cite or reference not only the source of an idea but also how it was viewed. Whatever the ultimate avenue, the potential for scholarly communications to leverage the histories, content, contexts, and metadata of humanities research is embedded in the trajectories of its platforms.",after the document model,
"What is missing in this description is the development of collections of new cultural materials that are ""born digital"" - that is, texts that are authored to use affordances of screen-based interactions and new media technologies and are neither digitizations of print-based materials nor reproducible in print forms. Following, what is also missing from the ODH description of DH texts is the development of methos and methodologies for both studying and producing these new forms.","Digital Humanities Scholarlship and Electronic Publication, Eyman & Ball",p. 65
"The term digital rhetoric is perhaps most simply defined as ""the application of rhetorical theory (as analytic method or heuristic for production) to digital texts and performances"" (Eyman, in press)","Digital Humanities Scholarlship and Electronic Publication, Eyman & Ball",p. 66
"it is important to pay attention to the affordances and constraints of these platforms and to carefully consider the intellectual, social, and technological support structures that need to be used in the construction and dissemination of scholarly multimedia work.","Digital Humanities Scholarlship and Electronic Publication, Eyman & Ball",p. 66
"The first challenge for scholarly multimedia in the humanities is the rhetorical function of design in the presentation of digital work. [...] we posit that there us a need for a more explicit theory of design as an integral element of digital rhetoric practice: design as rhetoric. For digital rhetoric, design is equivalent to style.","Digital Humanities Scholarlship and Electronic Publication, Eyman & Ball",p. 68
"In practical terms, engaging design as rhetorical practice means that digital humanists need to critically wield both rhetorical and aesthetic principles and bring together the particular design affordances of the medium of scholarly multimedia.","Digital Humanities Scholarlship and Electronic Publication, Eyman & Ball",p. 69
"In the mad rush to throw the humanities into the digital breach, the current trend is to invoke the general rubric of “design innovation” — a confusion of novelties.",pixel dust - drucker,
"The much-touted “nonlinear” approach to composition is a choose-your-own-adventure model for grown-ups, and the desktop embedding of multimedia encourages all manner of fantasies about crowdsourced, participatory knowledge generation that would essentially de-professionalize knowledge production: “getting students to do it,” and other naiveties, such as marketing data sets or primary materials, or staging debates among prominent academics using a combination of antique road show and reality show techniques, or fantasies of free online textbooks served up to hordes of formerly disenfranchised youth — every bit of the imaginary bouillabaisse except for the crowning glory, a magnificent engagement with what can only be called magic-onomics: a business model in which publishing thrives without a revenue stream.",pixel dust - drucker,
"The hype around digital alternatives to print sometimes seems like a distraction to blind us from the need to address that reality, as if it will take care of itself if we just find enough apps and devices and platforms to play with.",pixel dust - drucker,
Texts were never linear; their structures of repetition and refrain create meaning that builds across the temporal and spatial unfolding in their composition.,pixel dust - drucker,
"The really innovative aspects of digital work are under the hood and in the nitty-gritty of what we call “back-end” work as much as in the front-end user experience, the multiple pathways or complicated routes through a site or collection of materials. In fact the most exciting and innovative aspects of digital presentation are the ways in which structured data — texts with humanly embedded organization — can be searched and analyzed, not the way they are presented.",pixel dust - drucker,
"At a recent conference, for instance, I listened to peers suggest that multimedia productions of digital video to produce long-form arguments would be a way to replace and/or supplement traditional texts. Interviews and sound files were also promoted as novel inserts into the conventional page, now migrated onto the screen. But what could be more linear than these time-based media? Writing and thinking in database formats poses other challenges, intellectual as well as technical. Trying to design arguments in modular chunks, with many and varied links between the elements, requires a whole new rhetoric. For the viewer, in turn, these multiply branching artifacts pose other difficulties. We have yet to begin to organize ways of reading these works, chart a path, know how much of a project or argument one has encountered or missed.",pixel dust - drucker,
"Dissemination of humanities scholarship is not simply about tenure and promotion, or it would be just a guild matter. Humanists have a serious engagement with the cultural record and “all that it means to be human.”",pixel dust - drucker,
"And we can’t rely on a purely technological salvation, building houses on the shifting sands of innovative digital platforms, with all the attendant myths and misconceptions. Which aspects of digital publishing are actually promising, useful, and/or usefully innovative for the near and long term? The costs of innovation are high; the illusions promoted are many. The horizon is filled with multiple mirages, of magically conjured multimodal and variably mediated artifacts, where crowdsourced, cloud-based productions synthesize amateur and professional expertise into a happy harmony of intellectual industry that “democratizes” scholarship and popularizes academic practice in ways that might fulfill the long-dead John Dewey’s most ambitious yearnings for a fully participatory community of learning. Among the host of current projects, some are silicon snake oil, some are the solid foundation of futures ahead, and many define the spectrum between reality and illusion. Learning to distinguish among them is crucial.",pixel dust - drucker,
"In the end, no special effects, dazzling displays, augmented realities, or multimodal cross-platform designs substitute for content. Scholarship, good scholarship, the work of a lifetime commitment to working in a field — mapping its references, arguments, scholars, sources, and terrain of discourse — has no substitute. The difference between amateur and professional remains significant. Novelty and special effects are smoke-and-mirror attempts to conceal the fault lines in the cultural infrastructure, a futile attempt at a technical solution to a social problem. Design innovation is necessary, yes, and every new medium develops its aesthetic capacities over time. But we can’t design ourselves out of the responsibility for supporting the humanities, or for making clear the importance of their forms of knowledge to our evolving culture.",pixel dust - drucker,
"Nous partons de la conviction qu’il y a une grandeur intrinsèque à étudier, enseigner et pratiquer les sciences humaines. Parmi les diverses façons de l’affirmer, nous en avons choisi une particulière : explorer les nombreux univers sociaux qui s’emparent des productions de sciences humaines, qui s’enthousiasment à leur lecture, qui les critiquent, qui les instrumentalisent, qui les bricolent.",les sciences humaines au mirroir de leurs publics - gardella,
"Les « publics » désignent l’ensemble des personnes, collectifs ou institutions (associations, État, citoyens, entrepreneurs, partis politiques…), qui se sentent concernés par les sciences humaines, et qui mobilisent leurs travaux pour mener des actions qui ne relèvent pas de la seule recherche et dont la finalité n’est pas nécessairement clairement arrêtée. Nous avons donc décidé d’aller à la rencontre de ces publics, sans frontières tracées a priori.",les sciences humaines au mirroir de leurs publics - gardella,
"la capacité rhétorique d’organisation des connaissances, d’argumentation et de mise en récit ; les techniques d’enquête, autant qualitatives (études d’archives, entretiens, observations, etc.) que quantitatives (montage et analyse d’un questionnaire, analyse de réseaux, etc.) ; la capacité à modéliser la réalité, en la simplifiant et en recherchant des explications ; la capacité à poser des problèmes encore inaperçus ou mal articulés, grâce aux connaissances de terrain, aux mobilisations de théories et à la maîtrise des techniques d’enquête ; la capacité à répondre simplement à une question complexe – ce qui définit le rapport d’expertise (Wolton, 2002).",les sciences humaines au mirroir de leurs publics - gardella,
"Il s’agit de mettre fin au débat caricatural opposant des « ingénieurs sociaux » (Pierre Bourdieu) sans recul sur leur pratique et avides de rentabilité financière à court terme, à des chercheurs enfermés dans leur tour d’ivoire et méprisant le sens commun. La recherche fondamentale, tant en sciences expérimentales, mathématiques qu’humaines, nécessite du temps, parce que, précisément, son caractère « fondamental » est conditionné par le fait que ses finalités sont indéterminées, qu’elle n’est donc pas orientée vers une efficacité prédéterminée. En sciences humaines, c’est en particulier le temps de la lecture qui est important. Mais cette recherche n’a pas intérêt à se couper des personnes qui appliquent ses résultats dans des visées plus ou moins directement instrumentales et pratiques.",les sciences humaines au mirroir de leurs publics - gardella,
"The term publish was therefore closely related to the publishing industry and, as we have deduced indirectly, inextricably linked to production through print.",les sciences humaines au mirroir de leurs publics - gardella,
"The dynamics of mediation are hidden by the immediacy — understood here as timeliness — of the publishing process. In fact, there is an increasing number of interfaces in which it is difficult to distinguish the production phase of the content from the time when it becomes public.",what do we talk about - lorusso,
"Second, as stated by James Bridle (2011), the motto “everyone is a publisher” makes a clean sweep of a series of skills acquired and refined over the centuries by editors, replacing them with a simplistic model in which to publish a given content is equivalent to making it available on the Web.",what do we talk about - lorusso,
"It is therefore crucial not just to limit oneself to the design of individual publications as such, but to consider the constellation of formats and platforms available, the mutual influences of other media and the active role of users, who, although not all publishers, may certainly be more than mere carriers.",what do we talk about - lorusso,
"what we might learn about new directions for multimedia authoring and argument from structuring close collaborations between scholars, designers, and technologists. We very much imagined (and continue to imagine) our work as a kind of laboratory for emerging genres of scholarly practice.",scaling vectors,
"this forced binary between the database and narrative is actually a false one, particularly in our digital era. It aligns narrative with bookishness, interpretation, and the humanities, while the database is implicitly assigned to the sciences and to information, a split that is reinforced by Germano’s reference to C. P. Snow’s “two cultures.”",scaling vectors,
"As the capacity to unfold narrative in new ways is honed, we will also discover that the relationship between database and narrative (or, one might say evidence and analysis) will also shift.",scaling vectors,
"While Vectors operates on the margins of traditional scholarly publication, I now believe that the time is ripe to engage university presses more directly and to create new human and technological infrastructures for scholarly communication that, in effect, are likely to change the very shape and core practices of the presses over time. Diane Harley and her collaborators discovered that hybrid publishing models may have particular value in our transitional moment incorporate multimedia, to include additional evidence or data, to pursue nonlinear structures, to engage multiple senses, and to reach new audiences",scaling vectors,
"At the same time, we need to evolve to more “standardized” structures and interfaces that will allow us to delineate more stable genres and to scale multimodal scholarship.",scaling vectors,
"This genre of digital scholarship complements the equally important urge to digitize, search, and catalog the human record undertaken by large-scale digitization and archival efforts. Furthermore, for these digital practices to be accepted broadly and to foment change, they will also need to engage traditional infrastructures within academe, including the academic press and scholarly societies, even as these very institutions themselves undergo change. a small group of scholars working in the fields of visual and media studies began to think through what types of new research and publishing practices might best serve their disciplines.",scaling vectors,
"For instance, we might imagine the scholar’s role as providing an “analytical slice”—a kind of guided tour—of a selection from an archive that allows a more seamless integration of research materials and scholarly analysis.",scaling vectors,
"How is the acquisition process changed if scholars are creating their work within multimedia authoring platforms? Does an acquisition editor play a special role in routing projects toward digital publication, thinking through which make sense to push toward this format?",scaling vectors,
"Reviewers will likely be needed for both “form” and “content,” and at earlier stages than is now typical, in order to offer timely input on design and functionality during the production process. What are the potentials for more open forms of peer review?",scaling vectors,
"Archives cannot become rich environments for virtual collaboration and experimentation if scholars cannot actually publish the work they might produce in these spaces and receive appropriate credit for their efforts. As we push toward these forms of digital publishing, we will continue to require bold experimentation, but we will also need to fold the insights gleaned from these experiments back into more mainstream scholarly communication.",scaling vectors,
"l’approche opérationnelle porte spécifiquement sur des concepts ; elle le fait de façon spécifique, en décrivant le processus par lequel les concepts sont transformés en suites d’opérations, lesquelles rendent possible la mesure de toutes sortes d’objets.",l'opérationalisation moretti,p. 713
"La mesure ne mène pas du monde à la construction de théories par l’intermédiaire de la quantification ; tout au plus ramène-t-elle au monde empirique, en partant des théories et en passant par les données.",l'opérationalisation moretti,p. 717
Le personnage principal est un outil ; l’espace-personnage est un instrument. Le personnage principal est un outil parce qu’il appartient au monde du sens commun et n’en sort pas. L’espace-personnage est un instrument parce qu’il est la réalisation d’une théorie cherchant à comprendre « ce qui ne tombe pas sous nos sens ».,l'opérationalisation moretti,p. 727
"Les humanités numériques n’ont peut-être pas encore transformé le territoire de l’historien de la littérature ni la lecture des œuvres individuelles, mais l’opérationnalisation a assurément changé, en la radicalisant, notre relation aux concepts : en faisant d’eux des formules magiques capables de faire surgir tout un monde de données empiriques, elle a augmenté nos exigences. Notre esprit critique en sort plus affûté ; car lorsque les données se révoltent contre leur créateur, c’est le concept correspondant qui est dans une mauvaise passe. Un programme théorique d’analyse des données dans toute leur richesse est devenu imaginable – en s’appuyant sur des tests – et, si nécessaire, remettra en cause bien des idées établies en matière d’études littéraires. De cette entreprise, l’opérationnalisation sera le principe central.",l'opérationalisation moretti,
"La production des connaissances scientifiques passe par l'élaboration, collectivement réglée, de textes. Mais le cadrage des activités textuelles n'exclut pas la diversité des conventions d'écriture et des procédures de validation au sein d'un même monde scientifique. Ce texte questionne les fondements de l'authenticité des contributions à partir d'un corpus d'articles sociologiques. Il identifie diférents formats d'écriture et caractérise des spécificités nationales. L'analyse qualifie les mondes d'action auxquels se rattachent ces formats, et interroge les ressorts de l'authenticité des contributions sociologiques.",formats d'écriture - pontille,
"Produire des connaissances, c'est articuler en un scénario partagé collectivement des façons de penser, de manier des outils méthodologiques et d'écrire des textes.",,
"Parmi les répertoires possibles pour énoncer sur la « réalité », seulement certains types d'argumentation et d'énoncés sont reconnus légitimes au sein d'un collectif de chercheurs.",,
"Par-delà les différents formats énonciatifs où le statut du sujet-auteur ne sont pas équivalients (Olivier de Sardan, 2000), toute entreprise d'écriture sociologique cherche à honorer cet objectif : être tout à la fois présente dans l'énonciation et absente de l'énoncé.",,p. 21
"It is, of course, possible to go to a literary text armed with a hypothesis, but we do better to go to it with a hunch borne of our collective musings - a sneaking suspicion that looking at it this way will turn up something interesting. Or better, we could go to it with a machine that is ready to reorganize that text in a thousand different ways instantly.","Toward an algorithmic criticism, Stephen Ramsay",p. 171
"With algorithmic criticism, one would not ask how the ends of interpretation were or were not justified by means of the algorithms imposed, but rather, how successful the algorithms were in provoking thought and allowing insight.","Toward an algorithmic criticism, Stephen Ramsay",p. 173
"The digital humanities try to take account of the plasticity of digital forms and the way in which they point toward a new way of working with representation and mediation, what might be called the digital ‘folding’ of reality, whereby one is able to approach culture in a radically new way.",the computational turn - david berry,p. 1
"The key point is that without the possibility of discrete encoding there is no object for the computational device to process. [...] In other words, a computer requires that everything is transformed from the continuous flow of our everyday reality into a grid of numbers that can be stored as a representation of reality which can then be manipulated using algorithms. These subtractive methods of understanding reality (episteme) produce new knowledges and methods for the control of reality (techne).",the computational turn - david berry,p. 2
"As Mathew Fuller argues, ‘in a sense, all intellectual work is now “software study”, in that software provides its media and its context… [yet] there are very few places where the specific nature, the materiality, of software is studied except as a matter of engineering’ (2006).",the computational turn - david berry,p. 4
"In trying to understand the digital humanities our first step might be to problematize *computationality*, so that we are able to think critically about how knowledge in the 21st century is transformed into information through computational techniques, particularly within software.",the computational turn - david berry,p. 5
"Computer science could play a foundational role with respect to the other sciences, supporting and directing their development, even issuing ‘lucid directives for their inquiry’. Perhaps we are beginning to see reading and writing computer code as part of the pedagogy required to create a new subject produced by the university, a computational or data-centric subject.",the computational turn - david berry,p. 8
"If software and code become the condition of possibility for unifying the multiple knowledges now produced in the university, then the ability to think oneself, taught by rote learning of methods, calculation, equations, readings, canons, processes, etc., might become less important. Although there might be less need for an individual ability to perform these mental feats or, perhaps, even recall the entire canon ourselves due to its size and scope, using technical devices, in conjunction with collaborative methods of working and studying, would enable a cognitively supported method instead. The internalisation of particular practices that have been instilled for hundreds of years in children and students would need to be rethought, and in doing so the commonality of thinking qua thinking produced by this pedagogy would also change. Instead, reasoning could shift to a more conceptual or communicative method of reasoning, for example, by bringing together comparative and communicative analysis from different disciplinary perspectives, and by knowing how to use technology to achieve a usable result – a rolling process of reflexive thinking and collaborative rethinking.",the computational turn - david berry,pp. 9-10
"With the notion of ontotheology, Heidegger is following Kant’s argument that intelligibility is a process of filtering and organising a complex overwhelming world by the use of ‘categories’, Kant’s ‘discursivity thesis’. Heidegger historicizes Kant’s cognitive categories by arguing that there is ‘succession of changing historical ontotheologies that make up the “core” of the metaphysical tradition. These ontotheologies establish “the truth concerning entities as such and as a whole”, in other words, they tell us both what and how entities are – establishing both their essence and their existence’ (Thomson, 2009: 149-150). Metaphysics, grasped ontotheologically, ‘temporarily secures the intelligible order’ by understanding it ‘ontologically’, from the inside out, and ‘theologically’, from the outside in, which allows the formation of an epoch, a ‘historical constellation of intelligibility which is unified around its ontotheological understanding of the being of entities’ (Thomson, 2009: 150).",the computational turn - david berry,p. 16
"If code and software are to become objects of research for the humanities and social sciences, including philosophy, we will need to grasp both the ontic and ontological dimensions of computer code. Broadly speaking, then, this paper suggests that we take a philosophical approach to the subject of computer code, paying attention to the wider aspects of code and software, and connecting them to the materiality of this growing digital world. With this in mind, the question of code becomes central to understanding in the digital humanities, and serves as a condition of possibility for the many computational forms that mediate out experience of contemporary culture and society.",the computational turn - david berry,p. 17
"I wanted to do something different, exploring design's capacity to augment argument, in order to create compact mind bombs.","Towards visual intellectuality : the mediawork pamphlet series, Peter Lunenfeld",p. 142
"Pull or lift quotes can serve as alternatives to chapter and section headings and can create dramatic emphasis. For the most part, they are used by magazines to promote miracle diets and celebrity scandals, but there is nothing inherent in the form that should prevent them from being able to add clarity to complex arguments and visual pacing to dense textual argumentation. [...] History shows that new forms for books can create new audiences and new kinds of content.","Towards visual intellectuality : the mediawork pamphlet series, Peter Lunenfeld",p. 142
"I think that the pamphlets demonstrated that there was a hugely productive space for concentrated, rigorous discourse to connect with compelling graphic and information design. I always said that they were inteded to occupy a shelf in the bookstore between detailed academic monographs and copies of this month's Vanity Fair.","Towards visual intellectuality : the mediawork pamphlet series, Peter Lunenfeld",p. 150
"Yet , even with this rise, the wide swath of contemporary humanities scholars pay little attention to design as a creative endeavor and distilling agent. As the humanities digitize, the academy is not introspective enough about the tools to pick up, the aesthetics that these tools encourage, and the ways in which certain aesthetics become defaults.","Towards visual intellectuality : the mediawork pamphlet series, Peter Lunenfeld",p. 153
"I do not believe in the viability of *the* or even *an*, 'avant-garde in the 21st century. [After the fall of Berlin Wall] the oppositional stance of the historical avant-garde lost its moorings. At the same time, communication networks spread so widely and sped up so much that the 'underground' and the 'alternative', much less the avant-garde, lost any of the running room they might have needed to establish their practice independent from the broader culture. [...] The vast increase of both numbers and productivity of a world-wide 'creative class' led to the exhaustion of the very term itself.","Towards visual intellectuality : the mediawork pamphlet series, Peter Lunenfeld",p. 158
"I will argue how experiments with digital publishing in the Humanities, and especially with respect to making knowledge available for free on the web, without barriers to access and reuse, are increasingly being accompanied by a neoliberal rhetoric pertaining to the knowledge economy and its demand for continual innovation.",why experiment - adema,
"his paper explores the motives underlying a series of radical experiments in the Humanities - in cultural studies more specifically - that endorse and promote an alternative set of values, based on different underlying ethics. [...] This paper shows how their approach towards openness, exploring new formats and stimulating sharing and re-use of content, can be seen as a radical alternative to and a critique of the business ethics underlying innovation in the knowledge economy.",why experiment - adema,
"Academic publishing has not stayed free from this neoliberal discourse, where this has had some major influences on the way we publish our scholarly findings. The forces of the market in an environment where even not-for profit university presses are increasingly forced to act as sustainable businesses, have led to a situation where predominantly marketable and saleable products are being published: i.e. more popular academic titles.",why experiment - adema,
An empiricism where experience and experiment (or practice and theory) are still one and the same and not split up. Within this paradigm the concept of experience operates beyond the interpretative powers of a beings knowing sensibility. Experience [...] is something that needs a form of autonomy;,why experiment - adema,
"Kierkegaard emphasises experimentation as a notion where the singular gets articulated without letting its particularities dissolve into the universal. This opens up room for that what is different in repetition, for the exception, for transformation in repetition. Using Kierkegaard's notion, Weber finds a way to introduce uncertainty, unpredictability and ambivalence in our modern conception of experimentation, one that seems to go directly against the neoliberal rhetoric of planned outcomes, risk analysis and contingency plans, designed to filter out the uncertain.",why experiment - adema,
"This performative dimension becomes visible in the ways in which we perform scholarly communication through our practices, our socially constructed habits and established or honored ways of doing things, that lead us to engage with repetitive practices, such as for instance the way we read, write, do research and the way we publish and assess our research findings.",why experiment - adema,
"In a social constructionist or constructivist vision of technology and media, technology is seen as embedded, and understood predominantly by looking at the social context from which it emerges. Power structures—who controls, defines, owns etc.—are essential here. Technological determinism tends to stress that technology is an autonomous force, which is outside forms of social control, and context and is seen as the prime agent in social change. But technology is always shaped and constructed, and is political and gendered. The problem with constructionist theories on the other hand is that they tend to ignore material bodies as agential entities. Material bodies are not passive entities, just as technology is inseparable from politics: they are sites of bodily and material production.",Framing the debate (I) - adema,
"Print has come to envision or serve certain functions for scholarship. [...] When we start to acknowledge agential distribution, we will begin to look at the book as a processual, contextualized entity, where the book becomes a means to critique our established practices and institutions, both through its forms—and the cuts we make to create these forms—its discourses and through the practices that accompany it.",Framing the debate (I) - adema,
"For example, as Kember and Zylinska point out, under the influence of the debate on new media, a distinction is uphold between new media, which are seen as interactive and converged, where old media, such as the book, are seen as stable and fixed. However, arguably, if we take into consideration the work of Adrian Johns or the history of artists’ books, for instance, books can be seen as just as ‘hypertextual, immersive, and interactive as any computerized media’. As Kember and Zylinska emphasise, ‘the inherent instability of the book never disappeared, it just became obfuscated’ (Kember and Zylinska 2012: 4).",Framing the debate (I) - adema,
"A variety of material agencies entwine our media constructions. The natural and the cultural, the technological and the discursive are entangled. This perspective offers us a route to rewrite these modernist oppositions. It is not so much that we can speak of assemblages of human and non-human, but these assemblages are the condition of possibility of humans and non-humans in their materiality. What is important is that specific practices of mattering, in Barad’s words, have specific ethical consequences. Things are entangled but the separations that people create signify that they create inclusions and exclusions through their specific focus. This agential cut, as Barad calls it, enacts determinate boundaries, properties, and meanings. Where in reality ‘differences’ are entangled, agential cuts cleave things together and apart, creating subjects and objects. We need to take responsibility and we are accountable for the entanglements of self and other that we weave, as well as for the cuts and separations, and the exclusions that we create and enact. As Barad phrases it, we are responsible for ‘the lively relationalities of becoming of which we are a part’ (Barad 2007: 393).",Framing the debate (I) - adema,
"Following this approach or theory, scholarly communication can be seen as a set of material, performative and discursive practices. The scholarly monograph can then be analysed as one of these practices and at the same time as a process, a relationship between these practices and how they are constituted or embodied.Scholarly and scientific practices—such as publishing—cannot be reduced to material practices but necessarily also include discursive dimensions.",Framing the debate (I) - adema,
Discursive practices and material phenomena do not stand in a relationship of externality to one another; rather the material and the discursive are mutually implicated in the dynamics of intra-activity. But nor are they reducible to one another. The relationship between the material and the discursive is one of mutual entailment. Neither is articulated/articulable in the absence of the other; matter and meaning are mutually articulated. Neither discursive practices nor material phenomena are ontologically or epistemologically prior. Neither can be explained in terms of the other. Neither has privileged status in determining the other (Barad 2008: 822).,Framing the debate (I) - adema,
"Where Eisenstein and Johns do give credit to humanist and machinic agency respectively (as a form of limited constructivism or weak determinism), it is important to emphasise that they see both as complementary, as part of a ‘set’ of influences (in which one set is always emphasised as being more influential). As a result they maintain the ontological (and ethical) difference between discursive and media agency instead of seeing them as co-constitutive and entangled relational and agentic phenomena, as I want to do.",Framing the debate (I) - adema,
"The document is clearly fragmentary, yet it can't be reconstituted through any of the acts of reading offered by the text left present.",what is a document drucker,p. 54
"The current consideration of 'the document' is at the intersection of new processes of interpretation, for these include the most pressig and real of logicistic problems, real problems, those of electronic documents and digital surrogates. [...] The issue of scale is important, and all the more as the very processes of migrating traditional materials into electronic formats is always fraught with decisions about the constituent elements, the granularity of description",what is a document drucker,pp.56-57
Forget intention. I'm just talking description. But description *is* interpretation. No 'object' exists outside of cognitive construction.,what is a document drucker,p. 57
"It is an illusion of an area created at the intersection of overlapping frames [...] Excerpts *are* entanglements, the followed threads are material and cognitive, procedural and dynamic. [...] A document is a set of contingently configured possibilities, a text is an encoded set of instructions for reading, an artifact is a material object that provokes and calls forth an interpretation.",what is a document drucker,p. 58
"I don't see a simple, positive material fact when I look at a document, I see fields of shifting relations momentarily stabilized in an artifact that exists in a continuum of temporal and spatial and quantum dimensions, only constituted through the framing acts of intervention.",what is a document drucker,p. 58
"Les ressources n'ont pas forcément un ""objet premier"". Elles correspondent à des matières qui peuvent être mises à disposition (actualisées) par un dispositif, par un autre ou même par un écosystème de dispositifs (tel que proposé par Resmini et Rosati, 2011). **Ces ressources sont ensuite interprétées, combinées, reçues (réalisées), d'une manière ou d'une autre, par l'utilisateur final. Il n'y a donc pas ""rééditorialisation"" mais éditorialisation permanente.**",architecture de l'i et éditorialisation - lypsic,p. 109
"La notion d'éditorialisation s'est forgée à l'issue de l'action spécifique du CNRS : ""Document et Organisation"" (Peyrelong et Guyot, 2005). [...] L'éditorialisation étudie ainsi ""comment un document [numérique] naît (est produit), comment il circule, en relation avec l'action des individus, et l'organisation elle-même"" Peyrelong et Guyot (2005, p.1). [...] Au niveau opératoire, le propre de l'éditorialisation, comme le souligne Bachimont (2005, p.349), est de ""produire de nouveaux contenus à partir d'éléments pris arbitrairement (c'est-à-dire comme l'on veut et non pas au hasard)"". Pour lui, cette recomposition relève de la tendance numérique fondamentale de fragmentation/recombinaison.",architecture de l'i et éditorialisation - lypsic,p. 108
"Cette figure paroxystique de la communauté fait valoir la communion comme aboutissement contradictoire de la communication. Elle indique, *a contrario*, comment l'institution d'un espace public est précisément ce qui maintient la communauté à distance d'elle-même : ce qui, certes, rapporte les individus les uns aux autres, mais qui dans le même temps les déporte les uns des autres, ce qui les soumet à un *régime d'impropriété mutuelle* afin de préserver les termes d'un échange possible. Espace de distanciation, espace de médiation qui interdit le don de soi autant qu'il préserve du rapt de soi.",,p. 24
"Si on veut comprendre ce qui se joue de commun dans l'espace public, il faut d'abord saisir à quel mode ou à quel régime du communautaire cet espace *soustrait* la communauté.",,p. 24
"Penser l'articulation de l'espace public à la communauté reviendrait alors à saisir dans l'espacement ou la distanciation, ce qui peut affranchir la compréhension de la communauté sociale et politique de son présupposé organiciste sans la priver du lien communautaire dont le défaut la vouerait à la dissociation. Bref, l'affranchir du paradigme spatial centripète/centrifuge qui commande sa représentation.",,p. 25
"The more individuals and families I connected the more seemed to offer themselves for connection. But I was connecting people without, so to speak, putting two and two together. As is often the case with research projects in their initial stages, I had no real idea what I was doing. I was just doing it. It was not even my field: this was a historical project being undertaken by a non-historian.",kindred britain - nicolas jenkins,
"But the other main factors shaping the nature of the Kindred Britain database, about which specialist historians will doubtless complain, are the results of decisions about focus and scope. If all historical records of family are inevitably imperfect, I hope Kindred Britain turns that intrinsic incompleteness into an advantage. Kindred Britain is selective by design. Perhaps the site acts a little like a thermal camera. Such tools, designed to detect infrared waves, generate an image of the world similar to but different from the usual images of reality produced by cameras that detect visible light. The heat-sensitive camera tells a distinctive kind of truth, recognizable, even revelatory, but initially strange. It reveals what is hidden from the conventional lens. An object looks red or brown and has lettering on it in a conventional photograph. It shows a book. There is no way to tell whether the book has been lying in the midday sun or not. In an image of the book generated with a thermal camera, all we can know about the same object is its general shape and, vividly, its temperature. Neither image is true or untrue; neither cancels out the validity of the other. Like any conceptual focus, the picture in the lens of Kindred Britain foregrounds, clarifies and occludes.",kindred britain - nicolas jenkins,
"Kindred Britain’s version of infrared is the wavelength of family relationships. It isolates and emphasizes family relations to produce a distinctive, bounded image of a lost world, an image in which a society normally segregated by class or money or technology or ideology or expertise or geographic locality is bound together by family ties. To stand alongside other images of Britain, the truth that Kindred Britain prioritizes is this world’s intensely familial nature.",kindred britain - nicolas jenkins,
"If Kindred Britain were a book, it would be at least a foot wide and would weigh more than several bags of sugar. The material in it would be inert, static, and, because of its scope, virtually unassimilable. As it is, the data for Kindred Britain occupies a tiny, occluded space on one Stanford server. It glows on the wafer-thin silicon layer on your TFT-LCD display. And its contents are non-linear and almost infinitely manipulable. Genealogy is one of the most ancient historical genres, and what was almost certainly the first self-conscious use of network understanding. Fully aware of the paradox, Kindred Britain projects that old, conservative discipline into an absolutely modern medium to produce new understanding. One or two mouse clicks, a few dragging actions, a strategically hovering cursor, a name, or a word tapped into a search box, can unleash formidable amounts of computing power dedicated to generating disruptive knowledge and provocative ideas.",kindred britain - nicolas jenkins,
"We firmly expect that in the future we will look back at the early works in this genre and smile good-naturedly at their simplicity. But it is only through the development of these pioneering pieces like Kindred Britain that we can eventually develop sophisticated scholarly publications to stand alongside the great works of humanities scholarship. While Kindred Britain uses relatively crude measurements of cultural or social values and simple similarity methods and rough spatial or temporal aggregations, it does so in a way that establishes valuable and interesting patterns for scholarship and publication.",kindred britain - nicolas jenkins,
"Most crucial dimensions of format are codified in some way - sometimes through policy, sometimes through the technology's construction, and sometimes through sedimented habit. They have a contractual and conventional nature. The format is what specifies the protocols by which a medium will operate. This specification operates as a code - whether in software, policy, or instructions for manufacture and use - that conditions the experience of a medium and its processing protocols.",mp3 format - sterne,p. 8
"OpenEdition Press est un premier lieu de savoir, par son ancrage dans le Cléo, une unité de service relevant de plusieurs tutelles qui lui apportent non seulement des financements et un environnement technique, mais aussi une légitimité intellectuelle et institutionnelle, que ce soit le CNRS, l’EHESS, les universités d’Avignon et d’Aix-Marseille. OpenEdition Press repose également sur une infrastructure matérielle de serveurs connectés sur la Toile, permettant l’accès à un écosystème documentaire, et sur une équipe d’éditeurs et d’informaticiens qui assurent la mise en forme et l’accessibilité des textes, ainsi que la maintenance de la plateforme.",qu'est-ce qu'un lieu de savoir - christian jacob,
"Les lieux de savoir sont les lieux successifs occupés par des acteurs individuels ou collectifs sur une carte institutionnelle, disciplinaire, politique. Ils sont institués par des interactions vivantes, le temps d’un cours, d’un séminaire, d’une conférence, d’une discussion, d’une soutenance de thèse, d’une controverse, mais aussi par un cheminement de recherche. Ils sont aussi les lieux matériels, construits ou naturels, où se déploient ces activités qu’ils abritent : salles de cours, laboratoires, bibliothèques, jardins botaniques, musées, ateliers. Ils sont également les instruments, les outils, les échantillons, les machines, qui accompagnent les gestes de la main et ouvrent de nouvelles dimensions à la perception et à la pensée humaines. Ils sont enfin les artefacts qui permettent de matérialiser et d’inscrire le savoir ou qui jouent un rôle dans sa construction même : dessins, schémas, textes écrits, discours portés par la voix.",qu'est-ce qu'un lieu de savoir - christian jacob,
"La science n’existe que comme enjeu, comme champ d’appropriations multiples, où les positionnements, les points de vue, les pratiques définissent autant de sphères d’intérêts et d’actions.Au-delà des fondements partagés, on peut aussi introduire de multiples clivages entre les disciplines aujourd’hui regroupées sous l’étiquette « sciences » : certaines ne nécessitent qu’un tableau noir pour écrire des calculs à la craie, d’autres exigent d’importants équipements techniques et industriels pour découvrir et observer de nouvelles dimensions de la matière physique, pour explorer l’infiniment petit ou l’infiniment lointain ;",qu'est-ce qu'un lieu de savoir - christian jacob,
"Je définis les savoirs comme un champ de l’expérience humaine, individuelle et collective, plus précisément comme l’ensemble des procédures mentales, discursives, techniques et sociales par lesquelles une société, les groupes et les individus qui la composent, donnent sens au monde qui les entoure et se donnent les moyens d’agir sur lui ou d’interagir avec lui.",qu'est-ce qu'un lieu de savoir - christian jacob,
"En français, savoir désigne à la fois une compétence et l’objet ou le contenu produit par cette compétence. Ce jeu de miroir entre le sujet et l’objet, entre une modalité et un énoncé, et cette ambivalence sémantique déploient le champ théorique et problématique de l’expression lieu de savoir. Les lieux de savoir sont à la fois les lieux où s’affirme la maîtrise particulière d’un sujet sur ce qu’il dit, ce qu’il pense et ce qu’il fait, et ceux où s’objectivent, où s’inscrivent les contenus de son discours, de sa pensée et de son action.",qu'est-ce qu'un lieu de savoir - christian jacob,
"Je souhaite d’une certaine manière élargir le champ de la critique génétique qui éclaire le processus de l’écriture littéraire à travers les corrections, les ratures, les ajouts, autant de traces matérielles d’un travail sur le langage, sur l’idée, sur la pensée : les carnets de laboratoire, les annotations marginales sur un livre, les notes de lecture, les plans, les diagrammes, les tableaux, les schémas sont autant de dispositifs comparables.",qu'est-ce qu'un lieu de savoir - christian jacob,
"L’anthropologie des pratiques est d’abord un art de la description et du récit s’attachant à rendre compte du contexte matériel et spatial, des positionnements et des gestes des acteurs, des opérations réalisées, des instruments et des supports manipulés, des interactions sociales et des artefacts produits. Ce qui ancre une telle démarche dans l’anthropologie plus que dans l’histoire, c’est l’hypothèse que ce contexte et ces opérations sont des paramètres importants qui contribuent à la spécificité et au sens des savoirs observés. Une telle hypothèse suppose que l’observation ne soit pas cadrée et orientée par une conception a priori de ce qui est important ou accessoire, c’est-à-dire qu’elle ne s’appuie pas sur une hiérarchisation préalable et implicite des éléments de ce contexte.",qu'est-ce qu'un lieu de savoir - christian jacob,
"Quelle est la dimension spatiale d’un projet de connaissance, de compréhension, de réflexion ? Quelle est la dynamique spatiale des mouvements de pensée, de l’inscription des signes, de la construction discursive, de l’interaction savante ? Comment l’agencement spatial d’instruments, d’objets, de livres, de fichiers contribue-t-il à organiser des savoirs spécifiques, à refléter des choix intellectuels, des hypothèses de travail, une cartographie de la connaissance ?",qu'est-ce qu'un lieu de savoir - christian jacob,
"Since software is a prerequisite for any digital technology (and is also being used for the creation of most analogue works today), its ‘processual’ nature should be reflected in the structure and dynamics of future publishing: enabling local and remote participation, and also connecting publishing to real-life actions.",post-digital print - lorusso,
"The timeless ‘interface’ of the printed page (including its classic ‘golden ratio’ dimensions and ‘portrait’ or vertical orientation) has finally been adopted by digital publishing; on the other hand, printed products increasingly attempt to incorporate ‘digital’ characteristics – such as updateability and searchability. And yet, enlightening as it may be to observe such seemingly convergent developments, this is only the first step towards fully understanding this ongoing process.",post-digital print - lorusso,
"Aesthetics is the self-conscious attention to that condition of knowledge that returns the knowing mind to its own awareness. [...] I prefer speculative aesthetics, grounded in the language of computational method, but with a recognition that imaginatively stimulated reinvention plays a part in any aesthetic understanding, and that conditions, not objects, are the focus of our investigation.",speclab - johanna drucker,p. 188
The field of digital humanities is not simply concerned with creating new electronic environments for access to traditionnal or born-digital materials. It is the study of ways of thinking differently about how we know and what we know and how the interpretative task of the humanist is redefined in these changed conditions.,speclab - johanna drucker,p. xii
"Aesthesis, as will become clear in the pages ahead, is the term by which I refer to a theory of partial, situated, and subjective knowledge - a theory whose aims are ideological as well as epistemological.",speclab - johanna drucker,p. xiii
"Le ""format de poche"" n'est donc plus aujourd'hui essentiellement un format, mais un vaste ensemble ou une nébuleuse de collections -- car qui dit ""poche"" dit toujours ""collection"" --, des plus populaires au plus ""distinguées"", voire aux plus snobs, dont le label, beaucoup plus que la dimension, véhicule deux significations essentielles. L'une est purement économique, c'est l'assurance (variable, et parfois illusoire) d'un prix plus avantageux ; l'autre est bien ""culturelle"", et, pour ce qui nous concerne, paratextuelle : c'est l'assurance d'une sélection fondée sur la reprise, c'est-à-dire la réédition. Les spéculations erratiques sur la possibilité d'une inversion des flux (éditer d'abord en format de poche, puis reprendre en édition plus coûteuse des titres qui auraient victorieusement subi la première épreuve) semblent contraires à toutes les données techniques, médiatiques et commerciales, même si certains livres ont exceptionnellement accompli ce trajet paradoxal, et si certaines collections de poche accueillent à titre expérimental quelques inédits ainsi consacrés d'emblée. Car l'édition de poche sera sans doute longtemps synonyme de consécration. Par cela seul, elle est en elle-même un formidable (quoique ambigu, voire parce qu'ambigu) message paratextuel.",seuils - gerard genette,
"Ces exemples suffisent sans doute à indiquer la valeur paratextuelle de ces distinctions de format, qui avaient déjà la force et l'ambigüité de notre opposition entre ""édition courante"" et ""édition de poche"", la seconde pouvant aussi bien connoter le caractère ""populaire"" d'une oeuvre ou son accès au panthéon des classiques.",seuils - gerard genette,
"L'aspect le plus global de la réalisation d'un livre -- et donc de la matérialisation d'un texte à l'usage du public -- est sans doute le choix de son *format*. Le mot a changé une ou de fois de sens au cours de l'histoire. À l'origine, il désigne à la fois la manière dont une feuille de papier est ou n'est pas pliée pour aboutir aux ""feuillets"" d'un livre (ou, pour parler comme tout le monde, à ses pages, un feuillet recto-verso faisant naturellement deux pages, même si l'une des deux reste blanche) et la dimension de la feuille initiale elle-même, désignée conventionnellement par un type de filigrane (*coquille, jésus, raison*, etc.). Le format-pliage n'indiquait donc pas à lui seul les dimensions planes d'un livre ; mais l'usage s'est vite établi d'estimer les unes par référence à l'autre : un volume in-folio (plié une fois, d'où deux feuillets ou quatre pages par feuille) ou in-quarto (plié deux fois, d'où huit pages par feuille) était un grand livre, un in-8 était un livre moyen, un in-12, un in-16 ou un in-18 était un petit livre. À l'âge classique, les ""grands formats"" in-quarto étaient réservés aux oeuvres sérieuses (c'est-à-dire plutôt religieuses ou philosophiques que littéraires), ou aux éditions de prestige et de consécration littéraire [...]",seuils - gerard genette,
"The history of literacy is full of instances of technologies of writing taking themselves without consent from structures aimed at containing them - technologies which at the same time as they open things up instantiate new norms and demands, from reading the bible to completing tax statements.",looks like you are writing a letter - fuller,p. 139
"If Baird is right, then ""building"" may represent an opportunity to correct the discursive and linguistic bias of the humanities. According to this view, we should be open to communicating scholarship through artifacts, whether digital or not.",developing things ramsay,p. 78
The only way to have any purchase on the theoretical assumptions that underlie a tool would be to use that thool. Yet it is the purpose of the tool ( and this is particularly the case with digital tools) to abstract the user away from the mechanisms that would facilitate that process.,developing things ramsay,p. 81
"In our view, computing is fundamentally a modelling activity. [...] a correspondence between one domaine and another. [...] Therefore, **the computationalist acts as an intermediary between models, machines, and languages and prescribes objects, states, and processes.**",developing things ramsay,p. 81
"Platforms are what platforms do. They pull things together into temporary higher-order aggregations and, in principle, add value both to what is brought into the platform and to the platform itself.",the stack - bratton,
"Roman urban planners, the encyclopedia of John Wilkins, Charles Babbage, the Commissioners’ Grid Plan of 1811, John Maynard Keynes, Friedrich Hayek, Lady Ada Byron, Vint Cerf, and others, all contribute to the parentage of platforms, and it is their eccentricity and exteriority from normal state and market institutional models, combining elements of these as well as of machine engineering, that has made them so successful in redrawing the effective terms of global systems.",the stack - bratton,
"Artificial standardizations become naturalized as if they were always the measure of things. [...] Standardization drives logistics, and logistics in turn enables geopolitical ambition and momentum.",the stack - bratton,
"The design of protocols, platforms and programs can be as speculative as needed, but the generativity of standards remains. Protocological interoperability works not only to componentize tangible things, but also to represent undetermined relations between things, events, and locations and to provide the means to compose that traffic in advance.",the stack - bratton,
"Platforms are infrastructural but rely heavily on aesthetic expression and calibration. A platform's systems are composed of interfaces, protocols, visualizable data, and strategic renderings of geography, time, landscapes, and object fields.",the stack - bratton,
"he layers of The Stack, some continental in scale and others microscopic, work in specific relation to the layer above and below it. As I have suggested, the fragile complementarity between the layers composing The Stack is discussed both as an idealized model for how platforms may be designed and as a description of some of the ways that they already work now.",the stack - bratton,
"The Joint Committee on Materials for Research, as it was eventually called, responded both to the promise of new media for documentary reproduction and to what was widely perceived as a crisis in scholarly communication exacerbated by the Great Depression. More and more intensive specialization across the humanities and social sciences made the publication of scholarly resources unappealing to commercial publishers—readerships were small—at the same time that other avenues for publication were fragile and few amid the global economic downturn. The Joint Committee equated reproduction with access: if the appropriate media of reproduction were deployed, scholars might gain access to necessary source materials, no matter how rare, and they could have better access to each other’s works as well.",paper knowledge - gitelman,p. 13
"So many of the popular stories we continue to tell ourselves about what we refer to as print are big-boned affairs that rely on gross analogies. McLuhan probably locked this pattern in, with his 1962 account of a “Typographic Man” who is woefully “unready” for the electronic media of his day. Readers today may be shocked at having to slog through so much about classical antiquity and medieval Europe in The Gutenberg Galaxy, because McLuhan proceeds with such certainty that letterpress printing in the Renaissance “was an event nearly related to the earlier technology of the phonetic alphabet.” The connection starts to seem typological. It has similarly become a commonplace of late to compare the ascendance of digital networks and the World Wide Web with the rapid dissemination of letterpress printing in Renaissance Europe and the supposed emergence of print culture. Clay Shirky, for instance, has suggested that the “mass amateurization of publishing” on the Internet could be likened to the mass amateurization of “literacy after the invention of moveable type.",paper knowledge - gitelman,p. 20
"My interest in the genre of the document is deflationary in the very least because documents may be distinguished from more elevated uses of text, as in “the literary,” and from more elevated forms of text, like “the book”—the former residing as it does closer to the mentalist end of the spectrum and the latter closer to the materialist end.",paper knowledge - gitelman,p. 7